order_id,customer_id,payment,order_date,delivery_date,customer_name,gender,age
1,64,30811,2021-08-30,2021-09-24,Annabella Devote,Intersex,75
2,473,50490,2021-02-03,2021-02-13,Lori Briars,Male,61
221,473,49366,2021-08-03,2021-08-17,Lori Briars,Male,61
3,774,46763,2021-10-08,2021-11-03,Ellynn Korba,Intersex,34
353,774,46198,2021-03-30,2021-04-05,Ellynn Korba,Intersex,34
944,774,27648,2021-07-17,2021-08-09,Ellynn Korba,Intersex,34
4,433,39782,2021-05-06,2021-05-19,Candis Roswarne,Intersex,46
251,433,30132,2021-07-31,2021-08-27,Candis Roswarne,Intersex,46
318,433,39332,2021-01-31,2021-02-17,Candis Roswarne,Intersex,46
5,441,14719,2021-03-23,2021-03-24,Artemas Vasilischev,Intersex,53
454,441,40423,2021-03-29,2021-04-12,Artemas Vasilischev,Intersex,53
6,800,16197,2021-09-09,2021-10-05,Katusha Ceney,Intersex,49
680,800,43491,2021-05-04,2021-05-22,Katusha Ceney,Intersex,49
7,626,37666,2021-04-05,2021-04-11,Tann Scothron,Intersex,64
8,58,28484,2021-04-12,2021-05-01,Aurie Margett,Intersex,39
298,58,55984,2021-09-11,2021-09-20,Aurie Margett,Intersex,39
507,58,29761,2021-06-20,2021-07-11,Aurie Margett,Intersex,39
9,852,12896,2021-05-01,2021-05-11,Lucas Cromly,Intersex,67
323,852,11437,2021-03-23,2021-04-13,Lucas Cromly,Intersex,67
727,852,56021,2021-05-01,2021-05-18,Lucas Cromly,Intersex,67
10,659,21922,2021-10-15,2021-10-16,Ira Dafforne,Intersex,57
277,659,48337,2021-04-05,2021-04-06,Ira Dafforne,Intersex,57
701,659,40717,2021-08-28,2021-09-10,Ira Dafforne,Intersex,57
11,785,36624,2021-06-15,2021-06-30,Jillana Blankau,Intersex,54
12,120,55507,2021-06-30,2021-07-11,Didi Garton,Intersex,60
13,204,57810,2021-10-15,2021-10-31,Bird McGarvie,Female,60
14,957,21270,2021-03-29,2021-04-12,Felic Marrian,Male,75
15,468,15488,2021-09-22,2021-10-08,Maegan Ashton,Intersex,67
16,564,36479,2021-07-07,2021-07-08,Shoshana Redsell,Intersex,34
17,614,51822,2021-02-09,2021-02-11,Sherwynd Batsford,Intersex,45
566,614,21778,2021-07-24,2021-08-10,Sherwynd Batsford,Intersex,45
620,614,41599,2021-07-19,2021-08-01,Sherwynd Batsford,Intersex,45
18,299,22902,2021-01-01,2021-01-03,Anny Midden,Intersex,32
747,299,22099,2021-05-11,2021-05-28,Anny Midden,Intersex,32
19,513,56754,2021-08-30,2021-09-10,Corri Womack,Intersex,39
20,789,45129,2021-01-13,2021-01-20,Bone Perche,Intersex,36
903,789,21721,2021-01-05,2021-01-21,Bone Perche,Intersex,36
21,124,11261,2021-04-04,2021-04-17,Pate De Ambrosis,Intersex,54
22,180,36088,2021-05-28,2021-06-09,Nelli Engall,Intersex,21
68,180,20552,2021-02-12,2021-02-18,Nelli Engall,Intersex,21
480,180,38248,2021-07-15,2021-08-05,Nelli Engall,Intersex,21
23,652,45711,2021-05-17,2021-05-22,Roley Cassedy,Male,63
24,469,14566,2021-09-04,2021-09-20,Faber Purcell,Female,78
180,469,14617,2021-05-29,2021-06-22,Faber Purcell,Female,78
271,469,39282,2021-06-07,2021-06-09,Faber Purcell,Female,78
383,469,36564,2021-09-08,2021-09-14,Faber Purcell,Female,78
25,562,47075,2021-07-04,2021-07-08,Joy Mirrlees,Intersex,58
132,562,10396,2021-04-17,2021-05-01,Joy Mirrlees,Intersex,58
26,732,15964,2021-04-25,2021-05-04,Gorden Seago,Intersex,80
122,732,29226,2021-04-13,2021-05-04,Gorden Seago,Intersex,80
348,732,42741,2021-10-07,2021-10-28,Gorden Seago,Intersex,80
614,732,35663,2021-04-18,2021-05-03,Gorden Seago,Intersex,80
27,443,35513,2021-05-16,2021-05-28,Melodee Spencley,Intersex,49
171,443,19467,2021-09-14,2021-09-16,Melodee Spencley,Intersex,49
28,206,29968,2021-08-19,2021-09-04,Crin Johnikin,Intersex,66
199,206,58054,2021-05-17,2021-05-18,Crin Johnikin,Intersex,66
390,206,57651,2021-01-20,2021-01-24,Crin Johnikin,Intersex,66
409,206,15453,2021-05-03,2021-05-11,Crin Johnikin,Intersex,66
29,993,57645,2021-03-22,2021-03-28,Orella Singyard,Intersex,24
30,260,59350,2021-07-07,2021-07-26,Whitney Scarman,Female,27
704,260,45954,2021-07-21,2021-07-27,Whitney Scarman,Female,27
31,727,15722,2021-03-11,2021-04-05,Herschel Verdey,Female,26
153,727,49677,2021-10-21,2021-11-17,Herschel Verdey,Female,26
156,727,37878,2021-07-10,2021-07-29,Herschel Verdey,Female,26
371,727,28931,2021-08-29,2021-09-15,Herschel Verdey,Female,26
32,627,24976,2021-06-17,2021-07-14,Codie Everly,Intersex,51
832,627,52583,2021-09-06,2021-09-27,Codie Everly,Intersex,51
33,588,52945,2021-07-01,2021-07-07,Nicole Cheel,Intersex,48
591,588,39095,2021-06-18,2021-07-06,Nicole Cheel,Intersex,48
34,412,36244,2021-05-23,2021-05-30,Chandal Fransinelli,Intersex,21
164,412,26249,2021-05-21,2021-06-03,Chandal Fransinelli,Intersex,21
295,412,55019,2021-03-05,2021-03-19,Chandal Fransinelli,Intersex,21
35,358,49665,2021-08-31,2021-09-07,Jermaine Goranov,Intersex,64
36,51,32494,2021-08-22,2021-09-04,Kayley Brosoli,Intersex,52
127,51,43262,2021-04-01,2021-04-11,Kayley Brosoli,Intersex,52
479,51,18796,2021-06-27,2021-07-16,Kayley Brosoli,Intersex,52
37,78,53949,2021-07-07,2021-07-18,Jethro Pollak,Intersex,38
691,78,46697,2021-04-03,2021-04-19,Jethro Pollak,Intersex,38
38,809,46219,2021-02-03,2021-02-19,Winn Siemandl,Intersex,76
90,809,11475,2021-06-13,2021-07-07,Winn Siemandl,Intersex,76
39,466,23990,2021-02-26,2021-03-20,Vinnie Feaver,Male,28
332,466,12799,2021-03-13,2021-03-14,Vinnie Feaver,Male,28
40,86,56657,2021-01-07,2021-01-19,Corinna Maystone,Intersex,76
249,86,47181,2021-05-13,2021-05-26,Corinna Maystone,Intersex,76
41,790,53386,2021-01-03,2021-01-09,Drake Ivanilov,Intersex,67
42,690,33993,2021-07-29,2021-08-02,Arlie Bowman,Intersex,34
499,690,52749,2021-10-24,2021-10-26,Arlie Bowman,Intersex,34
615,690,28680,2021-01-31,2021-02-10,Arlie Bowman,Intersex,34
43,570,22839,2021-07-13,2021-08-03,Henryetta Sheffield,Intersex,35
860,570,18813,2021-04-09,2021-05-04,Henryetta Sheffield,Intersex,35
44,849,17071,2021-09-07,2021-09-22,Gina Pollen,Male,29
45,571,21738,2021-05-30,2021-06-21,Kristofor Roos,Intersex,22
188,571,41180,2021-04-10,2021-04-22,Kristofor Roos,Intersex,22
254,571,57662,2021-08-07,2021-09-03,Kristofor Roos,Intersex,22
376,571,15454,2021-07-04,2021-07-17,Kristofor Roos,Intersex,22
474,571,17401,2021-08-19,2021-09-09,Kristofor Roos,Intersex,22
500,571,41037,2021-01-15,2021-01-24,Kristofor Roos,Intersex,22
46,922,25378,2021-06-22,2021-07-04,Adena Venn,Intersex,53
555,922,42350,2021-09-03,2021-09-09,Adena Venn,Intersex,53
47,791,35453,2021-04-21,2021-04-23,Jojo Toffanini,Intersex,34
382,791,24647,2021-05-04,2021-05-15,Jojo Toffanini,Intersex,34
48,620,31712,2021-04-16,2021-04-23,Phillipe Gatecliffe,Male,35
279,620,51563,2021-07-25,2021-07-28,Phillipe Gatecliffe,Male,35
816,620,32362,2021-02-02,2021-02-06,Phillipe Gatecliffe,Male,35
855,620,13177,2021-01-26,2021-02-02,Phillipe Gatecliffe,Male,35
49,336,24219,2021-01-22,2021-02-13,Julian Sponer,Male,35
50,454,50310,2021-09-16,2021-09-18,Abey Bampforth,Intersex,28
682,454,11469,2021-02-28,2021-03-18,Abey Bampforth,Intersex,28
51,399,18423,2021-02-19,2021-02-26,Ailene McKeller,Intersex,46
52,493,32155,2021-10-06,2021-10-29,Andrew Renn,Intersex,63
405,493,51471,2021-08-09,2021-08-12,Andrew Renn,Intersex,63
991,493,17535,2021-01-09,2021-01-16,Andrew Renn,Intersex,63
53,528,10517,2021-04-22,2021-05-02,Cad Dominichetti,Intersex,63
141,528,40203,2021-08-26,2021-09-13,Cad Dominichetti,Intersex,63
54,195,13681,2021-04-25,2021-05-17,Tobye De Caville,Intersex,72
55,873,55650,2021-04-08,2021-04-25,Cecilla Pigford,Intersex,38
640,873,11002,2021-01-23,2021-01-26,Cecilla Pigford,Intersex,38
56,587,17149,2021-01-23,2021-02-18,Carmita Grundey,Intersex,35
622,587,45682,2021-05-16,2021-06-07,Carmita Grundey,Intersex,35
57,163,41495,2021-02-27,2021-03-13,Harrietta Burchatt,Intersex,20
449,163,56294,2021-10-23,2021-11-09,Harrietta Burchatt,Intersex,20
547,163,13784,2021-10-19,2021-10-30,Harrietta Burchatt,Intersex,20
58,332,42861,2021-02-02,2021-02-10,Carla Walework,Male,75
889,332,27115,2021-07-31,2021-08-11,Carla Walework,Male,75
59,843,21858,2021-01-31,2021-02-27,Sheela Dovey,Intersex,23
60,301,31491,2021-02-05,2021-02-28,Elga Corgenvin,Intersex,47
61,158,42290,2021-04-16,2021-04-28,Ann-marie Sinden,Intersex,33
62,93,37952,2021-07-30,2021-08-13,Law Foker,Intersex,66
63,556,27577,2021-02-11,2021-03-08,Nessy Kildea,Intersex,61
368,556,15258,2021-09-02,2021-09-21,Nessy Kildea,Intersex,61
64,167,23668,2021-01-24,2021-02-15,Alayne Ipplett,Intersex,34
65,388,22051,2021-06-26,2021-07-22,Dame Popov,Intersex,38
66,631,42774,2021-08-14,2021-08-22,Wanids Cudby,Female,49
67,504,52694,2021-05-22,2021-06-17,Marilyn Rontree,Intersex,56
557,504,12905,2021-04-19,2021-04-24,Marilyn Rontree,Intersex,56
69,96,40619,2021-03-08,2021-03-28,Garvy Davioud,Intersex,41
362,96,21601,2021-09-30,2021-10-07,Garvy Davioud,Intersex,41
70,802,11279,2021-05-15,2021-05-26,Amaleta Beange,Female,72
71,795,20283,2021-02-14,2021-02-16,Berri O' Clovan,Intersex,49
72,610,40072,2021-03-13,2021-03-16,Sadye Pes,Intersex,31
73,965,16715,2021-07-24,2021-08-19,Terri Lunny,Intersex,75
918,965,24379,2021-03-07,2021-04-03,Terri Lunny,Intersex,75
74,391,39655,2021-02-23,2021-02-27,Reed Churchlow,Male,75
75,68,16667,2021-08-24,2021-09-15,Willa Gaisford,Female,23
247,68,39513,2021-10-19,2021-11-12,Willa Gaisford,Female,23
76,470,22762,2021-06-18,2021-06-26,Trudey Betteridge,Intersex,45
878,470,50578,2021-03-31,2021-04-20,Trudey Betteridge,Intersex,45
77,680,56675,2021-04-19,2021-04-29,Camellia Heatherington,Intersex,78
627,680,19664,2021-04-03,2021-04-08,Camellia Heatherington,Intersex,78
854,680,55361,2021-08-10,2021-08-27,Camellia Heatherington,Intersex,78
78,681,58179,2021-05-13,2021-05-29,Shermy Mulbry,Intersex,79
79,236,54340,2021-03-16,2021-03-25,Anders Couvert,Intersex,80
178,236,31542,2021-02-02,2021-02-08,Anders Couvert,Intersex,80
356,236,34259,2021-04-01,2021-04-15,Anders Couvert,Intersex,80
80,872,59554,2021-04-26,2021-05-20,Brendis Blackboro,Intersex,74
782,872,28459,2021-03-07,2021-03-23,Brendis Blackboro,Intersex,74
880,872,43851,2021-02-19,2021-03-16,Brendis Blackboro,Intersex,74
81,736,30150,2021-06-13,2021-06-15,Delia Mably,Female,55
573,736,40227,2021-01-02,2021-01-09,Delia Mably,Female,55
934,736,23252,2021-04-03,2021-04-21,Delia Mably,Female,55
82,927,32502,2021-02-02,2021-02-27,Joby Law,Male,61
536,927,21110,2021-02-05,2021-02-21,Joby Law,Male,61
83,537,39729,2021-06-25,2021-07-01,Beverly Burbridge,Intersex,45
304,537,27293,2021-04-10,2021-05-03,Beverly Burbridge,Intersex,45
402,537,26681,2021-03-09,2021-04-04,Beverly Burbridge,Intersex,45
84,181,43438,2021-08-26,2021-09-20,Puff Newbury,Intersex,27
367,181,35564,2021-02-20,2021-03-19,Puff Newbury,Intersex,27
85,251,43533,2021-03-10,2021-03-22,Jeanne Pringer,Female,78
86,874,27045,2021-08-05,2021-08-11,Prissie Kondratovich,Intersex,65
87,325,32961,2021-06-20,2021-07-16,Robinetta Deners,Intersex,68
201,325,56321,2021-05-26,2021-06-18,Robinetta Deners,Intersex,68
431,325,35804,2021-04-25,2021-05-09,Robinetta Deners,Intersex,68
88,567,10904,2021-07-19,2021-08-15,Andi Kettleson,Female,39
89,448,29268,2021-10-22,2021-11-16,Ashely Inmett,Intersex,61
91,803,16601,2021-09-02,2021-09-15,Gertrude Harriott,Intersex,68
393,803,24994,2021-05-06,2021-05-27,Gertrude Harriott,Intersex,68
92,273,37239,2021-01-12,2021-01-30,Dag Schiefersten,Intersex,46
93,908,52379,2021-10-22,2021-11-11,Kakalina Ragge,Intersex,42
797,908,41715,2021-07-25,2021-08-06,Kakalina Ragge,Intersex,42
813,908,52226,2021-08-11,2021-09-01,Kakalina Ragge,Intersex,42
94,629,47031,2021-03-08,2021-03-26,Sigismundo Basek,Male,53
131,629,52850,2021-09-20,2021-09-24,Sigismundo Basek,Male,53
653,629,19186,2021-02-19,2021-03-18,Sigismundo Basek,Male,53
95,413,52416,2021-01-25,2021-02-05,Alexis Maps,Intersex,25
96,415,12119,2021-06-20,2021-06-30,Ashley Gant,Intersex,40
194,415,21994,2021-10-23,2021-11-03,Ashley Gant,Intersex,40
97,106,17772,2021-03-29,2021-03-31,Rachel Colebrook,Intersex,38
835,106,34923,2021-01-02,2021-01-07,Rachel Colebrook,Intersex,38
98,257,44700,2021-04-29,2021-05-08,Trista Aspray,Intersex,61
99,291,26787,2021-09-13,2021-09-25,Brodie Hedin,Intersex,43
100,817,57063,2021-03-30,2021-04-16,Joella Tiddeman,Intersex,45
101,807,25174,2021-01-31,2021-02-27,Dena Banbrick,Intersex,26
311,807,21226,2021-03-07,2021-03-25,Dena Banbrick,Intersex,26
102,846,41382,2021-05-07,2021-05-26,Isidore Bleasdille,Intersex,72
193,846,54256,2021-06-06,2021-06-07,Isidore Bleasdille,Intersex,72
103,209,49852,2021-06-16,2021-06-24,Lauryn Deport,Female,29
347,209,18829,2021-05-29,2021-06-14,Lauryn Deport,Female,29
955,209,30609,2021-01-20,2021-02-05,Lauryn Deport,Female,29
104,366,11454,2021-06-05,2021-06-23,Geraldine Naulty,Intersex,64
105,456,46013,2021-06-25,2021-07-14,Joelynn Remington,Intersex,33
666,456,36112,2021-08-25,2021-09-11,Joelynn Remington,Intersex,33
106,573,12033,2021-03-09,2021-03-28,Atlante Dissman,Male,37
148,573,14073,2021-01-14,2021-01-24,Atlante Dissman,Male,37
772,573,32936,2021-06-07,2021-06-27,Atlante Dissman,Male,37
107,127,58760,2021-01-11,2021-02-03,Merl Gayforth,Intersex,30
108,935,52439,2021-03-07,2021-03-28,Pen Andrzejczak,Male,30
109,554,12707,2021-04-06,2021-04-29,Lisetta Griffin,Intersex,56
110,607,15385,2021-09-02,2021-09-06,Angie O Mullen,Male,42
111,794,34096,2021-03-30,2021-04-14,Elizabet Pippin,Intersex,72
645,794,46397,2021-08-19,2021-09-13,Elizabet Pippin,Intersex,72
112,75,46956,2021-02-04,2021-02-17,Katinka Currier,Intersex,75
380,75,13269,2021-03-22,2021-03-28,Katinka Currier,Intersex,75
113,565,49592,2021-03-19,2021-04-08,Hoebart Edger,Intersex,73
959,565,10777,2021-01-17,2021-02-10,Hoebart Edger,Intersex,73
114,160,49686,2021-08-08,2021-09-02,Christi Reston,Male,26
115,492,12685,2021-04-11,2021-04-22,Jolee Stailey,Intersex,62
604,492,21635,2021-07-20,2021-08-13,Jolee Stailey,Intersex,62
116,510,15397,2021-04-25,2021-05-20,Kinny Roget,Intersex,67
278,510,19930,2021-01-30,2021-02-13,Kinny Roget,Intersex,67
117,971,58134,2021-01-08,2021-01-23,Constance Piddington,Intersex,27
836,971,16047,2021-08-18,2021-08-24,Constance Piddington,Intersex,27
907,971,26863,2021-08-15,2021-08-17,Constance Piddington,Intersex,27
118,639,37950,2021-02-20,2021-02-22,Tobin Jeffryes,Intersex,40
966,639,28100,2021-02-25,2021-03-10,Tobin Jeffryes,Intersex,40
969,639,23565,2021-05-22,2021-05-25,Tobin Jeffryes,Intersex,40
119,545,19955,2021-04-29,2021-05-06,Jakob Munks,Intersex,59
120,585,53001,2021-06-09,2021-06-14,Alicea Momford,Intersex,23
535,585,23905,2021-01-25,2021-02-07,Alicea Momford,Intersex,23
121,549,27436,2021-04-21,2021-04-23,Barclay Beswick,Male,50
308,549,18834,2021-02-13,2021-03-08,Barclay Beswick,Male,50
603,549,42922,2021-08-30,2021-09-04,Barclay Beswick,Male,50
956,549,19917,2021-05-18,2021-06-07,Barclay Beswick,Male,50
123,471,17133,2021-03-04,2021-03-22,Hayyim Trewhella,Intersex,31
124,776,43888,2021-07-06,2021-07-15,Felice Dumbleton,Intersex,24
426,776,32793,2021-09-26,2021-10-16,Felice Dumbleton,Intersex,24
125,321,29600,2021-10-22,2021-11-03,Jena Kelling,Female,44
126,326,29536,2021-01-31,2021-02-20,Meade Yglesia,Intersex,54
673,326,34789,2021-02-05,2021-02-19,Meade Yglesia,Intersex,54
128,936,17661,2021-10-13,2021-11-09,Mart Naismith,Intersex,77
129,428,42185,2021-05-24,2021-05-27,Jammal Varcoe,Intersex,66
999,428,31643,2021-06-15,2021-07-12,Jammal Varcoe,Intersex,66
130,439,12827,2021-06-20,2021-07-15,Daren Airs,Female,75
545,439,53117,2021-06-21,2021-07-02,Daren Airs,Female,75
647,439,10912,2021-02-06,2021-02-11,Daren Airs,Female,75
905,439,57884,2021-01-11,2021-01-23,Daren Airs,Female,75
133,878,43759,2021-07-07,2021-07-17,Elianore Syphas,Intersex,54
259,878,47527,2021-08-16,2021-09-07,Elianore Syphas,Intersex,54
134,12,39451,2021-06-19,2021-07-01,Fedora Dmych,Intersex,78
135,942,53723,2021-05-15,2021-06-02,Lacee Denyukin,Intersex,45
136,539,35331,2021-09-06,2021-09-08,Sonny Tremollet,Male,78
140,539,35025,2021-04-08,2021-04-13,Sonny Tremollet,Male,78
334,539,32277,2021-05-12,2021-05-23,Sonny Tremollet,Male,78
137,298,58875,2021-10-18,2021-10-20,Roobbie Persich,Female,29
138,331,50666,2021-02-05,2021-02-10,Binnie Gonzales,Intersex,32
399,331,57278,2021-10-21,2021-10-30,Binnie Gonzales,Intersex,32
139,871,11224,2021-06-15,2021-06-28,Calypso Ellaway,Intersex,48
145,871,26358,2021-02-02,2021-02-10,Calypso Ellaway,Intersex,48
142,237,53165,2021-06-15,2021-07-12,Cassaundra Sliman,Intersex,71
143,828,37187,2021-02-08,2021-02-11,Tucky Kitchaside,Female,57
158,828,14010,2021-07-13,2021-08-04,Tucky Kitchaside,Female,57
273,828,13233,2021-10-07,2021-11-03,Tucky Kitchaside,Female,57
144,928,15762,2021-05-22,2021-05-28,Hughie Trelease,Intersex,63
146,912,22750,2021-08-30,2021-09-26,Chancey Iacovozzo,Intersex,60
300,912,47255,2021-09-30,2021-10-25,Chancey Iacovozzo,Intersex,60
147,818,20690,2021-09-28,2021-10-16,Nathaniel McCandless,Intersex,59
149,500,31490,2021-03-03,2021-03-14,Carlen Kelway,Intersex,78
150,462,34428,2021-06-22,2021-06-27,Francklyn Willeman,Intersex,45
151,357,24626,2021-08-08,2021-09-01,Crawford Bolden,Intersex,41
152,320,24866,2021-03-09,2021-03-12,Dani Pinches,Intersex,43
154,674,49994,2021-10-17,2021-11-07,Marthena Matterson,Intersex,36
725,674,55213,2021-09-26,2021-10-05,Marthena Matterson,Intersex,36
155,834,11166,2021-06-30,2021-07-18,Glenn Keri,Intersex,61
508,834,42640,2021-07-17,2021-08-01,Glenn Keri,Intersex,61
157,909,17955,2021-04-07,2021-04-17,Patin Circuit,Intersex,62
242,909,12202,2021-08-25,2021-09-13,Patin Circuit,Intersex,62
743,909,25854,2021-03-25,2021-03-27,Patin Circuit,Intersex,62
159,208,12449,2021-09-05,2021-09-13,Shaylyn Musla,Intersex,71
160,725,41442,2021-07-31,2021-08-06,Bucky Cragell,Intersex,23
161,566,45840,2021-03-22,2021-04-11,Melissa Partkya,Male,23
451,566,29859,2021-08-25,2021-09-06,Melissa Partkya,Male,23
556,566,40530,2021-07-30,2021-08-01,Melissa Partkya,Male,23
847,566,43999,2021-10-19,2021-11-04,Melissa Partkya,Male,23
876,566,52388,2021-05-20,2021-05-24,Melissa Partkya,Male,23
162,431,20238,2021-04-25,2021-05-05,Ronni Gruszczak,Intersex,41
428,431,48629,2021-02-24,2021-03-23,Ronni Gruszczak,Intersex,41
777,431,13696,2021-01-16,2021-02-09,Ronni Gruszczak,Intersex,41
163,84,11473,2021-06-12,2021-06-17,Minta Loble,Female,63
980,84,57728,2021-10-19,2021-11-14,Minta Loble,Female,63
165,389,28345,2021-06-23,2021-07-20,Caroljean Elstob,Intersex,41
166,113,11914,2021-07-11,2021-07-14,Hew Cardinal,Intersex,57
167,595,44269,2021-06-26,2021-07-18,Thomasine Baudet,Female,60
933,595,55917,2021-04-28,2021-05-20,Thomasine Baudet,Female,60
989,595,27217,2021-01-06,2021-01-29,Thomasine Baudet,Female,60
168,664,51244,2021-01-10,2021-01-27,Dannie Fidler,Intersex,32
225,664,27059,2021-10-04,2021-10-26,Dannie Fidler,Intersex,32
546,664,42478,2021-04-29,2021-05-19,Dannie Fidler,Intersex,32
814,664,47232,2021-03-04,2021-03-28,Dannie Fidler,Intersex,32
895,664,56830,2021-07-26,2021-08-15,Dannie Fidler,Intersex,32
169,996,22089,2021-03-09,2021-03-12,Elvira Sarfati,Intersex,59
233,996,29939,2021-09-03,2021-09-19,Elvira Sarfati,Intersex,59
170,867,28597,2021-08-17,2021-09-03,Hunfredo Peyto,Intersex,36
172,224,47514,2021-01-05,2021-01-27,Shelbi Impson,Intersex,78
173,435,30001,2021-06-06,2021-07-01,Aldridge Tesh,Intersex,41
174,497,46769,2021-02-22,2021-03-17,Claudio Archibould,Intersex,31
230,497,54581,2021-08-31,2021-09-18,Claudio Archibould,Intersex,31
175,309,57197,2021-03-22,2021-04-16,Ulla Crombie,Intersex,29
176,574,28185,2021-09-26,2021-10-04,Ranna Paolillo,Intersex,53
496,574,32782,2021-06-17,2021-06-27,Ranna Paolillo,Intersex,53
688,574,55980,2021-03-08,2021-03-29,Ranna Paolillo,Intersex,53
177,315,11314,2021-08-20,2021-09-01,Jeff Curness,Intersex,49
861,315,11565,2021-05-31,2021-06-20,Jeff Curness,Intersex,49
179,161,52081,2021-06-10,2021-06-27,Katalin Tellesson,Intersex,29
181,241,23142,2021-01-29,2021-02-13,Valentine Marley,Intersex,61
713,241,15915,2021-07-14,2021-08-09,Valentine Marley,Intersex,61
182,461,33720,2021-02-22,2021-03-04,Alina Strotton,Female,54
396,461,57491,2021-02-26,2021-03-03,Alina Strotton,Female,54
819,461,48601,2021-01-19,2021-01-22,Alina Strotton,Female,54
183,715,51587,2021-10-06,2021-10-12,Lindsey McCuthais,Intersex,61
184,240,48997,2021-09-15,2021-09-29,Brian Finnes,Intersex,25
792,240,13672,2021-07-16,2021-08-12,Brian Finnes,Intersex,25
185,945,46608,2021-04-06,2021-04-20,Lorilyn Vittet,Intersex,48
186,833,24061,2021-09-26,2021-10-14,Hilliard Papes,Intersex,27
321,833,36589,2021-08-26,2021-08-31,Hilliard Papes,Intersex,27
187,401,15167,2021-01-10,2021-01-19,Waylen Swallwell,Intersex,73
241,401,33692,2021-07-22,2021-08-17,Waylen Swallwell,Intersex,73
549,401,39916,2021-06-02,2021-06-09,Waylen Swallwell,Intersex,73
722,401,20524,2021-10-24,2021-11-20,Waylen Swallwell,Intersex,73
189,586,41543,2021-07-17,2021-08-08,Wenona Stuck,Intersex,34
892,586,21071,2021-04-09,2021-04-11,Wenona Stuck,Intersex,34
190,421,28420,2021-02-01,2021-02-17,Kellyann Stening,Intersex,62
191,18,31002,2021-01-22,2021-02-15,Chan Duchesne,Male,79
354,18,33908,2021-02-26,2021-03-08,Chan Duchesne,Male,79
192,842,30614,2021-02-06,2021-02-19,Millicent Stedson,Intersex,70
554,842,28264,2021-05-07,2021-05-26,Millicent Stedson,Intersex,70
195,92,41725,2021-04-13,2021-04-17,Hillary Guiness,Intersex,27
272,92,19661,2021-01-20,2021-01-31,Hillary Guiness,Intersex,27
695,92,26374,2021-07-01,2021-07-20,Hillary Guiness,Intersex,27
196,630,48990,2021-10-22,2021-11-16,Nicholle Coom,Male,49
338,630,12762,2021-01-26,2021-02-13,Nicholle Coom,Male,49
197,110,23619,2021-04-30,2021-05-01,Giralda Trewin,Intersex,65
198,640,29627,2021-08-31,2021-09-13,Uriel Cottingham,Intersex,49
200,15,50335,2021-08-24,2021-09-07,Avril Rossiter,Intersex,34
995,15,43588,2021-04-14,2021-04-28,Avril Rossiter,Intersex,34
202,129,49559,2021-04-15,2021-04-22,Beatrisa Winterscale,Intersex,68
416,129,37878,2021-10-08,2021-10-25,Beatrisa Winterscale,Intersex,68
935,129,16962,2021-07-01,2021-07-16,Beatrisa Winterscale,Intersex,68
203,369,40129,2021-06-21,2021-07-11,Ephrem Hambers,Female,46
646,369,16504,2021-05-08,2021-05-28,Ephrem Hambers,Female,46
204,568,35005,2021-09-30,2021-10-10,Gallard Mangan,Intersex,64
492,568,49046,2021-07-24,2021-08-07,Gallard Mangan,Intersex,64
205,267,23779,2021-02-03,2021-02-04,Lionel Mansel,Intersex,45
677,267,38429,2021-07-05,2021-07-08,Lionel Mansel,Intersex,45
206,654,24189,2021-06-01,2021-06-16,Gareth Bindon,Female,42
207,644,57755,2021-09-25,2021-09-28,Ashlie Godwyn,Intersex,46
630,644,39447,2021-01-12,2021-01-31,Ashlie Godwyn,Intersex,46
208,28,39533,2021-10-10,2021-10-15,Hadley Baddam,Intersex,79
226,28,44799,2021-07-09,2021-07-23,Hadley Baddam,Intersex,79
209,292,36341,2021-05-08,2021-05-20,Aldin Moline,Male,25
827,292,27202,2021-05-09,2021-06-05,Aldin Moline,Male,25
210,723,21903,2021-07-22,2021-08-18,Drusi Eagell,Intersex,34
211,515,37122,2021-05-09,2021-05-17,Joannes Pandie,Female,52
593,515,30838,2021-02-21,2021-03-11,Joannes Pandie,Female,52
846,515,58585,2021-09-17,2021-10-10,Joannes Pandie,Female,52
951,515,28300,2021-09-30,2021-10-23,Joannes Pandie,Female,52
212,62,29887,2021-10-14,2021-11-08,Denice Ledrane,Intersex,32
884,62,54659,2021-08-16,2021-09-08,Denice Ledrane,Intersex,32
213,678,37684,2021-09-14,2021-09-27,Dare Andrich,Intersex,79
214,288,25179,2021-06-20,2021-07-09,Matilde Yanuk,Male,24
215,526,27531,2021-08-10,2021-08-20,Ellyn Collacombe,Male,73
344,526,44938,2021-08-16,2021-09-06,Ellyn Collacombe,Male,73
728,526,10662,2021-08-29,2021-08-30,Ellyn Collacombe,Male,73
216,865,56745,2021-04-16,2021-05-04,Ondrea Apark,Intersex,44
818,865,16625,2021-03-15,2021-04-10,Ondrea Apark,Intersex,44
217,234,47120,2021-07-18,2021-07-31,Duncan Walliker,Intersex,37
305,234,13377,2021-07-09,2021-07-26,Duncan Walliker,Intersex,37
218,606,22309,2021-07-12,2021-07-20,Averyl Atthow,Intersex,53
425,606,12705,2021-02-21,2021-03-17,Averyl Atthow,Intersex,53
219,667,14137,2021-01-05,2021-01-10,Annice Kelcey,Intersex,30
220,555,23957,2021-10-10,2021-10-25,Kalil Thal,Intersex,77
222,368,28754,2021-09-08,2021-10-05,Mady Greenleaf,Intersex,61
223,657,13441,2021-03-23,2021-03-30,Orran Skip,Male,25
962,657,49485,2021-02-09,2021-02-18,Orran Skip,Male,25
224,628,20293,2021-07-07,2021-08-02,Frayda Simonini,Intersex,75
466,628,11363,2021-06-10,2021-07-05,Frayda Simonini,Intersex,75
227,406,36809,2021-10-23,2021-11-19,Paige Uebel,Intersex,59
228,773,10857,2021-01-06,2021-01-17,Paxon O'Shiel,Intersex,55
229,107,15827,2021-10-08,2021-10-20,Sandy Yushachkov,Intersex,35
597,107,22758,2021-08-04,2021-08-16,Sandy Yushachkov,Intersex,35
705,107,11686,2021-01-14,2021-01-25,Sandy Yushachkov,Intersex,35
744,107,23613,2021-01-25,2021-02-14,Sandy Yushachkov,Intersex,35
231,731,58824,2021-03-20,2021-04-09,Olimpia Tankus,Intersex,39
232,256,44567,2021-05-02,2021-05-16,Dulcia Gawthorpe,Intersex,46
297,256,23789,2021-06-15,2021-06-27,Dulcia Gawthorpe,Intersex,46
234,133,26314,2021-09-18,2021-10-10,Bette-ann Harteley,Intersex,49
235,767,23434,2021-09-28,2021-10-12,Waylin Gasson,Intersex,37
529,767,31199,2021-01-10,2021-01-19,Waylin Gasson,Intersex,37
923,767,28421,2021-07-05,2021-07-26,Waylin Gasson,Intersex,37
236,228,49109,2021-07-15,2021-08-08,Zaria Garken,Female,40
711,228,16935,2021-06-22,2021-07-08,Zaria Garken,Female,40
237,829,20267,2021-03-16,2021-04-06,Marget Kells,Intersex,39
238,328,59828,2021-03-17,2021-03-27,Wadsworth Olivier,Intersex,59
659,328,45445,2021-09-30,2021-10-15,Wadsworth Olivier,Intersex,59
950,328,43066,2021-10-16,2021-10-31,Wadsworth Olivier,Intersex,59
239,530,45974,2021-10-13,2021-11-02,Leroi Weal,Intersex,63
268,530,57006,2021-03-16,2021-04-10,Leroi Weal,Intersex,63
608,530,31878,2021-08-13,2021-08-15,Leroi Weal,Intersex,63
240,578,37612,2021-01-27,2021-02-01,Riordan Goreway,Intersex,75
243,263,31631,2021-07-06,2021-07-11,Ringo Sollars,Intersex,22
244,637,18966,2021-09-02,2021-09-09,Morie Woodfield,Intersex,58
245,191,49443,2021-05-06,2021-05-10,Isis Doel,Intersex,76
246,641,39230,2021-06-19,2021-07-16,Zebulon Rousel,Intersex,62
463,641,19206,2021-03-16,2021-04-09,Zebulon Rousel,Intersex,62
248,457,29329,2021-01-15,2021-01-20,North Diamond,Male,27
845,457,11229,2021-04-25,2021-05-22,North Diamond,Male,27
250,518,18564,2021-03-26,2021-04-03,Margalo Cousen,Intersex,31
252,683,11465,2021-01-11,2021-02-05,Esteban Hensmans,Intersex,45
312,683,38591,2021-07-06,2021-07-31,Esteban Hensmans,Intersex,45
783,683,31824,2021-01-17,2021-01-19,Esteban Hensmans,Intersex,45
253,179,38502,2021-09-10,2021-10-02,Leeann Gowdie,Intersex,52
316,179,59876,2021-09-12,2021-09-20,Leeann Gowdie,Intersex,52
255,605,16272,2021-09-26,2021-10-15,Stanleigh Hazelton,Female,25
869,605,11108,2021-09-25,2021-10-20,Stanleigh Hazelton,Female,25
256,313,15452,2021-08-09,2021-08-12,Courtnay Cornewell,Intersex,24
257,914,43972,2021-02-12,2021-03-02,Emmalee Camin,Intersex,39
258,742,38266,2021-10-21,2021-11-13,Selestina Dauber,Intersex,44
483,742,26333,2021-03-15,2021-03-20,Selestina Dauber,Intersex,44
531,742,26445,2021-01-14,2021-02-08,Selestina Dauber,Intersex,44
260,317,56068,2021-07-13,2021-07-25,Gates Torrance,Male,48
833,317,12955,2021-03-03,2021-03-20,Gates Torrance,Male,48
261,250,55396,2021-02-06,2021-03-01,Lavina Dartnell,Intersex,23
460,250,29924,2021-06-07,2021-06-17,Lavina Dartnell,Intersex,23
262,812,55461,2021-05-22,2021-05-24,Else Bicheno,Male,28
263,372,12599,2021-06-19,2021-07-08,Griffy Wenger,Intersex,53
264,636,55537,2021-06-13,2021-06-18,Nara Legerwood,Male,24
807,636,47092,2021-02-17,2021-03-03,Nara Legerwood,Male,24
265,189,40896,2021-07-04,2021-07-29,Deedee Pashe,Intersex,28
911,189,58886,2021-08-23,2021-09-06,Deedee Pashe,Intersex,28
916,189,31001,2021-10-12,2021-10-19,Deedee Pashe,Intersex,28
266,623,58746,2021-03-10,2021-03-20,Hort Ridding,Intersex,57
378,623,37922,2021-09-29,2021-10-25,Hort Ridding,Intersex,57
734,623,30153,2021-01-25,2021-01-31,Hort Ridding,Intersex,57
267,34,44791,2021-09-11,2021-09-12,Ninon Corteney,Intersex,55
269,89,21446,2021-02-05,2021-02-22,Matthiew Hinckes,Female,51
270,711,14024,2021-03-02,2021-03-27,Lin Norville,Male,42
345,711,17146,2021-02-14,2021-03-05,Lin Norville,Male,42
594,711,22390,2021-06-14,2021-06-23,Lin Norville,Male,42
678,711,57891,2021-04-28,2021-05-14,Lin Norville,Male,42
274,19,50173,2021-04-13,2021-04-27,Chadwick Cruddas,Intersex,41
275,329,17666,2021-01-05,2021-01-15,Valery Pache,Intersex,53
276,775,48376,2021-06-20,2021-06-24,Edee Wildt,Intersex,56
280,551,20352,2021-01-07,2021-01-08,Theodor Skipton,Intersex,68
424,551,58723,2021-03-13,2021-03-18,Theodor Skipton,Intersex,68
281,489,19908,2021-07-03,2021-07-15,Isahella Enrique,Intersex,59
282,423,41504,2021-03-30,2021-04-18,Datha Vicary,Intersex,32
283,303,14784,2021-09-04,2021-09-15,De Lourens,Intersex,75
284,522,36627,2021-04-29,2021-05-16,Ailina Kynan,Intersex,71
648,522,43363,2021-07-16,2021-07-19,Ailina Kynan,Intersex,71
285,882,41206,2021-09-25,2021-10-20,Bartel Clemendet,Intersex,43
363,882,57405,2021-01-25,2021-02-21,Bartel Clemendet,Intersex,43
618,882,28515,2021-08-01,2021-08-26,Bartel Clemendet,Intersex,43
849,882,21468,2021-08-11,2021-09-01,Bartel Clemendet,Intersex,43
286,998,18840,2021-01-05,2021-01-08,Rebecka Fabler,Intersex,32
404,998,45215,2021-03-03,2021-03-09,Rebecka Fabler,Intersex,32
586,998,15870,2021-02-27,2021-03-22,Rebecka Fabler,Intersex,32
773,998,21349,2021-07-19,2021-08-07,Rebecka Fabler,Intersex,32
287,799,10368,2021-09-09,2021-10-03,Gibbie Beardall,Intersex,67
686,799,47994,2021-06-14,2021-06-15,Gibbie Beardall,Intersex,67
288,201,36160,2021-10-13,2021-10-16,Loni Tort,Intersex,58
658,201,42131,2021-05-23,2021-06-05,Loni Tort,Intersex,58
289,977,10046,2021-01-26,2021-02-16,Michell Lappine,Intersex,34
290,364,48707,2021-08-01,2021-08-16,Konstantin Kuhlmey,Intersex,28
291,112,50830,2021-01-12,2021-02-05,Hadlee Douthwaite,Female,42
292,337,36699,2021-03-26,2021-04-04,Milton Otson,Intersex,78
293,426,32389,2021-08-05,2021-08-13,Augusto Ackrill,Intersex,40
294,499,50667,2021-08-28,2021-09-15,Henrietta Briatt,Intersex,24
296,207,47076,2021-10-22,2021-10-25,Brade Caught,Intersex,56
644,207,52925,2021-03-13,2021-03-22,Brade Caught,Intersex,56
760,207,14658,2021-07-09,2021-07-11,Brade Caught,Intersex,56
299,994,58159,2021-01-12,2021-02-03,Vanna Densham,Female,53
301,535,12986,2021-06-21,2021-06-25,Kerry Luto,Intersex,56
752,535,46911,2021-10-08,2021-10-12,Kerry Luto,Intersex,56
302,156,32298,2021-06-19,2021-07-07,Cosmo Leys,Female,24
671,156,28194,2021-06-22,2021-07-08,Cosmo Leys,Female,24
303,758,58670,2021-09-02,2021-09-11,Mallissa Lawdham,Intersex,44
750,758,58084,2021-02-19,2021-03-01,Mallissa Lawdham,Intersex,44
306,747,51492,2021-10-16,2021-10-19,Cristen Hagley,Intersex,25
307,679,17726,2021-10-11,2021-10-28,Osgood Percifer,Intersex,76
520,679,13400,2021-02-04,2021-03-01,Osgood Percifer,Intersex,76
309,390,26229,2021-01-07,2021-01-25,Bee Mazonowicz,Intersex,36
310,348,18372,2021-04-25,2021-05-15,Thorny Nornable,Intersex,76
342,348,29452,2021-08-24,2021-09-08,Thorny Nornable,Intersex,76
626,348,10193,2021-09-30,2021-10-17,Thorny Nornable,Intersex,76
775,348,21561,2021-06-11,2021-07-05,Thorny Nornable,Intersex,76
841,348,39690,2021-06-29,2021-07-12,Thorny Nornable,Intersex,76
313,266,24507,2021-06-02,2021-06-11,Sheff Ruoss,Intersex,55
915,266,49775,2021-04-17,2021-05-04,Sheff Ruoss,Intersex,55
314,95,49262,2021-08-14,2021-08-17,Pierre Rockwill,Intersex,33
315,239,18075,2021-04-05,2021-04-25,Daria Embleton,Intersex,63
317,876,18204,2021-04-23,2021-04-26,Glynda Dodshon,Male,20
319,933,29837,2021-08-22,2021-09-16,Lenna Beau,Intersex,36
320,41,19693,2021-08-22,2021-09-12,Hana Stitch,Male,65
322,686,41400,2021-08-17,2021-09-12,Elbertina Gaish,Intersex,22
324,99,10411,2021-07-05,2021-07-16,Benji Vineall,Intersex,75
325,318,18010,2021-05-11,2021-05-28,Glyn Tieman,Intersex,63
756,318,23746,2021-03-19,2021-03-29,Glyn Tieman,Intersex,63
881,318,51945,2021-02-18,2021-03-10,Glyn Tieman,Intersex,63
326,199,15380,2021-06-22,2021-07-01,Clayson Mealing,Intersex,65
327,710,11611,2021-07-28,2021-07-31,Avivah Roddick,Male,60
741,710,31913,2021-02-03,2021-02-17,Avivah Roddick,Male,60
328,246,26653,2021-04-14,2021-05-08,Lucias Forsythe,Intersex,40
329,820,58708,2021-04-30,2021-05-24,Normy Anlay,Male,26
330,887,31700,2021-03-12,2021-04-08,Killie Wigzell,Male,61
331,414,38796,2021-03-18,2021-03-23,Ansel Chittem,Intersex,51
864,414,48691,2021-03-29,2021-04-17,Ansel Chittem,Intersex,51
333,367,21091,2021-10-18,2021-11-09,Hildagarde Dell 'Orto,Intersex,51
964,367,22258,2021-07-08,2021-07-16,Hildagarde Dell 'Orto,Intersex,51
335,485,51638,2021-09-30,2021-10-24,Gayleen Brookes,Male,46
365,485,37396,2021-04-14,2021-04-25,Gayleen Brookes,Male,46
502,485,57115,2021-02-18,2021-03-07,Gayleen Brookes,Male,46
336,615,16829,2021-05-25,2021-05-28,Jacquelin Santostefano.,Intersex,42
337,341,49047,2021-08-02,2021-08-04,Cherlyn Asmus,Female,34
387,341,34491,2021-06-11,2021-06-14,Cherlyn Asmus,Female,34
687,341,39406,2021-03-30,2021-04-12,Cherlyn Asmus,Female,34
339,409,15556,2021-04-06,2021-04-13,Alphonse Galego,Male,75
900,409,31161,2021-07-07,2021-07-24,Alphonse Galego,Male,75
340,841,56172,2021-07-17,2021-08-13,Rorie Hof,Intersex,23
341,602,13882,2021-02-07,2021-02-09,Kip Cantwell,Intersex,54
343,673,37831,2021-09-17,2021-10-06,Carlynn McCabe,Male,59
346,739,35045,2021-03-23,2021-04-06,Kristel Klaaassen,Female,57
436,739,47040,2021-08-17,2021-09-10,Kristel Klaaassen,Female,57
650,739,42938,2021-01-02,2021-01-15,Kristel Klaaassen,Female,57
349,847,36910,2021-04-13,2021-04-29,Rowena Soall,Intersex,61
350,869,49770,2021-02-14,2021-03-02,Vladimir Jandourek,Intersex,26
351,478,37332,2021-05-02,2021-05-04,Krystle Boyce,Intersex,71
352,52,13270,2021-10-08,2021-10-10,Marena Lockhart,Male,47
355,46,33100,2021-04-14,2021-04-24,Meris Twitty,Intersex,68
357,70,30735,2021-02-08,2021-02-13,Dulcea Shrawley,Female,48
358,796,41343,2021-04-07,2021-04-12,Perry McAless,Intersex,26
359,661,47911,2021-05-16,2021-05-31,Engracia Abilowitz,Male,45
360,870,45309,2021-08-03,2021-08-08,Lorenzo Dutch,Intersex,49
906,870,40632,2021-01-21,2021-02-04,Lorenzo Dutch,Intersex,49
361,988,18831,2021-02-06,2021-02-25,Tommie Benoy,Intersex,35
364,925,25525,2021-03-13,2021-04-03,Deirdre Burle,Intersex,70
366,334,43210,2021-07-15,2021-07-30,Udale Ripping,Intersex,68
369,729,24488,2021-03-26,2021-04-18,Gerri McCarle,Female,54
417,729,45024,2021-09-14,2021-10-11,Gerri McCarle,Female,54
558,729,45726,2021-03-02,2021-03-18,Gerri McCarle,Female,54
370,986,53990,2021-01-22,2021-02-11,Theodosia Postins,Intersex,38
525,986,32747,2021-09-25,2021-10-20,Theodosia Postins,Intersex,38
372,991,51705,2021-03-14,2021-03-19,Cristina Jowling,Intersex,30
373,581,25727,2021-03-13,2021-04-03,Fabian Gostage,Intersex,40
651,581,39199,2021-05-22,2021-05-25,Fabian Gostage,Intersex,40
985,581,59558,2021-02-07,2021-02-09,Fabian Gostage,Intersex,40
374,981,25047,2021-06-05,2021-06-20,Darby Aistrop,Intersex,47
375,655,19991,2021-01-20,2021-01-26,Jillene Goodbanne,Intersex,77
377,21,24815,2021-05-19,2021-05-28,Seana Hearons,Intersex,31
616,21,28727,2021-05-13,2021-05-14,Seana Hearons,Intersex,31
664,21,11960,2021-01-07,2021-01-20,Seana Hearons,Intersex,31
379,467,15378,2021-02-13,2021-02-15,Cacilie Forrestill,Intersex,53
530,467,20275,2021-01-07,2021-01-23,Cacilie Forrestill,Intersex,53
381,258,36550,2021-04-11,2021-05-03,Mira Heinonen,Female,62
793,258,39635,2021-01-27,2021-02-03,Mira Heinonen,Female,62
384,709,39383,2021-05-27,2021-06-22,Lilli Bavester,Intersex,65
385,146,43155,2021-08-08,2021-08-24,Lawry Mannooch,Intersex,50
386,458,34948,2021-02-14,2021-03-03,Romy Cuberley,Intersex,42
388,601,34341,2021-02-12,2021-02-17,Sol Adhams,Male,55
828,601,32593,2021-01-09,2021-01-27,Sol Adhams,Male,55
389,643,42818,2021-04-20,2021-04-23,Pietro Duling,Female,36
486,643,10132,2021-04-27,2021-05-08,Pietro Duling,Female,36
745,643,13862,2021-03-21,2021-04-01,Pietro Duling,Female,36
391,726,24661,2021-05-16,2021-06-06,Rey Grasner,Intersex,27
441,726,13419,2021-02-28,2021-03-02,Rey Grasner,Intersex,27
392,840,32036,2021-01-12,2021-01-25,Ellene Dedam,Intersex,25
577,840,29313,2021-02-20,2021-03-12,Ellene Dedam,Intersex,25
649,840,44955,2021-07-28,2021-08-16,Ellene Dedam,Intersex,25
394,508,18584,2021-09-06,2021-09-10,Jan Isenor,Intersex,65
395,728,24101,2021-03-26,2021-04-02,Kellie Curbishley,Intersex,51
397,446,33872,2021-02-03,2021-02-22,Benny Songist,Intersex,47
896,446,46213,2021-03-14,2021-03-31,Benny Songist,Intersex,47
398,13,31626,2021-09-28,2021-10-13,Marabel Swinfon,Male,42
400,907,44904,2021-07-02,2021-07-25,Aindrea Franzetti,Female,43
469,907,25333,2021-04-27,2021-05-04,Aindrea Franzetti,Female,43
656,907,19288,2021-03-22,2021-03-23,Aindrea Franzetti,Female,43
401,94,24512,2021-08-14,2021-08-24,Otha Skein,Intersex,46
403,980,17088,2021-09-16,2021-09-25,Sharleen Langworthy,Intersex,35
904,980,40117,2021-03-24,2021-04-07,Sharleen Langworthy,Intersex,35
406,892,35512,2021-07-25,2021-08-18,Jania Sailes,Intersex,44
407,835,42595,2021-01-09,2021-01-20,Randell Shorte,Intersex,25
642,835,12392,2021-01-11,2021-01-26,Randell Shorte,Intersex,25
408,404,39757,2021-01-30,2021-02-15,Teddy Gell,Intersex,79
410,47,14296,2021-08-04,2021-08-09,Jarrett Brumby,Intersex,54
411,771,38909,2021-03-17,2021-04-08,Paul McGavigan,Intersex,74
412,427,25520,2021-09-23,2021-10-13,Tomaso Mullin,Intersex,25
661,427,15302,2021-09-14,2021-09-17,Tomaso Mullin,Intersex,25
795,427,51672,2021-06-07,2021-06-30,Tomaso Mullin,Intersex,25
413,589,35487,2021-10-17,2021-10-31,Calhoun Raphael,Intersex,57
707,589,25153,2021-05-12,2021-05-18,Calhoun Raphael,Intersex,57
414,212,57052,2021-01-02,2021-01-03,Evelyn Chevolleau,Intersex,79
415,947,35686,2021-07-14,2021-07-19,Dulsea Collet,Intersex,74
418,918,55376,2021-08-24,2021-09-15,Tracie Okey,Intersex,69
419,745,19518,2021-10-20,2021-11-10,Lindy Saltrese,Intersex,31
420,482,25541,2021-02-22,2021-03-19,Stanley Kolakowski,Intersex,63
421,691,24273,2021-09-28,2021-10-09,Silvie Bortol,Intersex,73
652,691,30816,2021-03-09,2021-03-27,Silvie Bortol,Intersex,73
422,375,48025,2021-03-16,2021-03-26,Ninetta Phizakarley,Intersex,77
826,375,32770,2021-08-16,2021-09-06,Ninetta Phizakarley,Intersex,77
423,507,34107,2021-06-12,2021-06-21,Brooks Sayers,Intersex,74
427,282,20082,2021-01-27,2021-02-10,Wren Helgass,Female,59
471,282,56849,2021-07-08,2021-07-10,Wren Helgass,Female,59
511,282,43667,2021-08-22,2021-09-12,Wren Helgass,Female,59
542,282,38737,2021-02-10,2021-02-14,Wren Helgass,Female,59
942,282,46279,2021-06-09,2021-06-10,Wren Helgass,Female,59
429,754,23238,2021-02-08,2021-02-22,Ninnetta Lammin,Intersex,74
538,754,11543,2021-01-04,2021-01-26,Ninnetta Lammin,Intersex,74
735,754,39820,2021-10-03,2021-10-16,Ninnetta Lammin,Intersex,74
430,155,49272,2021-02-08,2021-03-01,Myrle Kelby,Male,80
611,155,56937,2021-05-01,2021-05-25,Myrle Kelby,Male,80
432,20,37821,2021-10-20,2021-11-03,Gigi Kalaher,Intersex,55
641,20,54363,2021-03-10,2021-03-22,Gigi Kalaher,Intersex,55
433,419,32215,2021-08-18,2021-09-02,Chaddie Fawlkes,Male,58
434,940,42284,2021-05-11,2021-06-01,Jamesy Rennles,Intersex,46
435,886,56764,2021-02-17,2021-02-22,Emylee Buscher,Intersex,69
637,886,14294,2021-08-06,2021-08-18,Emylee Buscher,Intersex,69
437,269,42857,2021-08-25,2021-09-05,Rutger Hugonnet,Intersex,20
859,269,42679,2021-03-26,2021-04-09,Rutger Hugonnet,Intersex,20
438,989,51250,2021-05-22,2021-05-31,Sauncho Boosey,Intersex,53
837,989,16281,2021-01-12,2021-01-27,Sauncho Boosey,Intersex,53
439,286,15329,2021-08-24,2021-09-06,Gert Brackstone,Intersex,34
440,553,14884,2021-10-09,2021-10-30,Niels Loadsman,Intersex,30
902,553,30330,2021-01-12,2021-01-15,Niels Loadsman,Intersex,30
442,693,58324,2021-03-24,2021-03-30,Hetti Fibbens,Intersex,45
596,693,51828,2021-06-13,2021-06-27,Hetti Fibbens,Intersex,45
749,693,25016,2021-09-20,2021-09-24,Hetti Fibbens,Intersex,45
443,966,10043,2021-03-09,2021-03-27,Bunni Poundsford,Female,63
444,383,33452,2021-03-07,2021-03-26,Nathanil Runchman,Intersex,23
875,383,25336,2021-02-26,2021-02-27,Nathanil Runchman,Intersex,23
445,893,27329,2021-07-07,2021-07-27,Angelle Huby,Intersex,57
446,283,19398,2021-03-26,2021-03-30,Jaymee Dalrymple,Male,23
447,100,59708,2021-01-10,2021-01-23,Wilhelm Blaber,Intersex,69
780,100,37821,2021-01-27,2021-01-29,Wilhelm Blaber,Intersex,69
873,100,55341,2021-04-25,2021-05-07,Wilhelm Blaber,Intersex,69
448,185,16486,2021-08-20,2021-08-31,Darrelle Padson,Intersex,67
450,648,12078,2021-04-30,2021-05-05,Jaquelyn Dow,Intersex,38
506,648,18355,2021-09-11,2021-09-27,Jaquelyn Dow,Intersex,38
607,648,36692,2021-10-19,2021-11-12,Jaquelyn Dow,Intersex,38
452,123,50557,2021-10-09,2021-10-22,Yardley Dreamer,Female,22
755,123,47937,2021-04-11,2021-05-06,Yardley Dreamer,Female,22
926,123,13634,2021-02-08,2021-02-18,Yardley Dreamer,Female,22
982,123,33286,2021-03-30,2021-04-07,Yardley Dreamer,Female,22
453,371,53761,2021-08-13,2021-08-22,Etan Peirazzi,Intersex,63
617,371,30281,2021-08-30,2021-09-07,Etan Peirazzi,Intersex,63
455,1,24550,2021-04-04,2021-04-06,Leanna Busson,Female,30
670,1,10246,2021-03-06,2021-04-01,Leanna Busson,Female,30
729,1,35593,2021-02-18,2021-03-01,Leanna Busson,Female,30
456,450,53893,2021-06-28,2021-07-20,Devonne Martinetto,Intersex,59
457,490,52472,2021-03-04,2021-03-12,Bank Sargeaunt,Male,57
541,490,29630,2021-08-20,2021-08-22,Bank Sargeaunt,Male,57
865,490,24343,2021-07-27,2021-07-30,Bank Sargeaunt,Male,57
458,757,13142,2021-10-21,2021-11-10,Taffy Quimby,Intersex,31
476,757,42157,2021-10-07,2021-11-02,Taffy Quimby,Intersex,31
569,757,16594,2021-03-16,2021-04-06,Taffy Quimby,Intersex,31
459,853,24079,2021-06-18,2021-07-06,Brenden Roast,Intersex,54
461,244,53553,2021-02-14,2021-02-19,Faunie Cooney,Male,38
519,244,23212,2021-08-23,2021-09-12,Faunie Cooney,Male,38
949,244,50347,2021-02-02,2021-02-17,Faunie Cooney,Male,38
462,769,44429,2021-01-31,2021-02-20,Sigmund Bothen,Male,21
543,769,12692,2021-07-28,2021-08-09,Sigmund Bothen,Male,21
464,103,26925,2021-06-29,2021-07-25,Monica Teodorski,Intersex,77
465,7,48935,2021-05-21,2021-05-23,Winslow Ewbanck,Intersex,76
467,102,23636,2021-02-24,2021-03-10,Hurleigh Sieb,Intersex,32
621,102,41563,2021-07-16,2021-08-07,Hurleigh Sieb,Intersex,32
852,102,42616,2021-04-11,2021-05-08,Hurleigh Sieb,Intersex,32
468,238,56092,2021-04-15,2021-04-17,Hilda Peter,Intersex,30
470,810,18707,2021-09-11,2021-10-04,Charles Duffitt,Intersex,21
472,85,44735,2021-07-15,2021-07-29,Cornie Virr,Intersex,27
473,61,36137,2021-05-19,2021-06-12,Lin Avraam,Intersex,65
475,696,36229,2021-05-27,2021-06-01,Miner Craddock,Intersex,38
717,696,52327,2021-03-11,2021-04-05,Miner Craddock,Intersex,38
477,97,37504,2021-06-20,2021-06-26,Dean McLarty,Female,39
919,97,53662,2021-06-29,2021-07-21,Dean McLarty,Female,39
478,452,17279,2021-10-15,2021-10-23,Toddie Snow,Intersex,27
481,227,17525,2021-08-20,2021-09-12,Isaak Ferrarone,Intersex,26
482,111,59910,2021-08-03,2021-08-09,Eada Viccary,Female,52
484,926,26887,2021-05-05,2021-05-31,Vittorio Rosenstengel,Intersex,68
487,926,21220,2021-01-09,2021-02-05,Vittorio Rosenstengel,Intersex,68
578,926,44312,2021-05-09,2021-05-12,Vittorio Rosenstengel,Intersex,68
485,969,49699,2021-01-08,2021-01-28,Ginnie Glasheen,Intersex,77
488,638,52570,2021-10-01,2021-10-26,Olympia Stobbs,Female,23
598,638,59393,2021-06-20,2021-07-05,Olympia Stobbs,Female,23
489,77,28578,2021-08-30,2021-09-21,Angela Kester,Male,62
490,816,11291,2021-09-15,2021-09-29,Edithe Yitshak,Intersex,23
491,783,10074,2021-02-24,2021-03-18,Gusty Smallacombe,Female,49
568,783,49427,2021-01-09,2021-01-22,Gusty Smallacombe,Female,49
582,783,31116,2021-09-03,2021-09-18,Gusty Smallacombe,Female,49
493,895,42647,2021-04-24,2021-05-03,Robena Gilbert,Intersex,37
494,740,37675,2021-07-31,2021-08-15,Meryl Neeson,Intersex,73
514,740,13918,2021-07-12,2021-07-22,Meryl Neeson,Intersex,73
957,740,47132,2021-08-20,2021-08-30,Meryl Neeson,Intersex,73
495,352,41706,2021-08-10,2021-08-19,Justin Marden,Intersex,31
497,900,29655,2021-07-07,2021-07-09,Shelden Tinline,Intersex,22
498,647,23201,2021-07-15,2021-07-23,Malory Emmison,Male,51
870,647,47385,2021-08-01,2021-08-12,Malory Emmison,Male,51
501,706,41180,2021-02-16,2021-02-25,Stephen MacAleese,Intersex,43
503,937,43249,2021-08-19,2021-09-05,Judy Mesias,Male,70
868,937,43447,2021-03-31,2021-04-03,Judy Mesias,Male,70
504,192,57782,2021-01-13,2021-02-08,Tommy Ebunoluwa,Female,63
505,737,37947,2021-08-17,2021-08-27,Zebulen Zannotti,Intersex,60
667,737,48958,2021-03-23,2021-03-28,Zebulen Zannotti,Intersex,60
509,676,20368,2021-01-02,2021-01-25,Haslett Edwins,Intersex,59
510,125,47242,2021-09-29,2021-10-01,Lesli Pitfield,Intersex,77
512,223,21235,2021-10-13,2021-11-05,Saxe Stormonth,Intersex,51
823,223,15928,2021-04-29,2021-05-04,Saxe Stormonth,Intersex,51
513,950,49647,2021-05-24,2021-06-04,Eustacia Andreassen,Male,43
515,23,20627,2021-05-23,2021-06-13,Alair Grimwad,Female,32
516,506,20934,2021-05-21,2021-05-26,Eddie Elcott,Intersex,37
517,797,37440,2021-06-23,2021-06-30,Rachelle Jelf,Female,32
518,196,28347,2021-06-03,2021-06-18,Erroll Michelle,Intersex,25
521,382,35247,2021-03-17,2021-03-31,Emanuele Deesly,Intersex,24
970,382,36941,2021-01-04,2021-01-23,Emanuele Deesly,Intersex,24
522,761,35937,2021-03-19,2021-04-05,Jan Gligori,Intersex,52
523,516,17584,2021-04-25,2021-05-18,Malcolm Paal,Intersex,69
524,60,28334,2021-07-21,2021-08-01,Hyacinth Pepper,Intersex,20
526,55,10434,2021-05-16,2021-05-22,Giles Kyne,Intersex,45
527,79,16864,2021-09-13,2021-10-09,Persis Spiteri,Intersex,46
528,343,56020,2021-09-16,2021-10-07,Violet Alwen,Intersex,47
532,523,11590,2021-09-08,2021-09-20,Grissel Harteley,Intersex,22
533,558,28560,2021-06-04,2021-06-09,Lizette Lindro,Intersex,38
768,558,34334,2021-09-29,2021-10-16,Lizette Lindro,Intersex,38
877,558,25468,2021-07-14,2021-08-02,Lizette Lindro,Intersex,38
534,49,31586,2021-09-23,2021-09-26,Shanna Pietrzyk,Female,56
553,49,16753,2021-03-06,2021-03-14,Shanna Pietrzyk,Female,56
947,49,47022,2021-06-24,2021-07-02,Shanna Pietrzyk,Female,56
537,203,10838,2021-02-14,2021-03-13,Angil Crunden,Intersex,30
539,609,55906,2021-01-03,2021-01-25,Vin Rubenovic,Intersex,61
540,772,37955,2021-03-21,2021-03-30,Marlee Edser,Intersex,71
709,772,36257,2021-06-17,2021-07-13,Marlee Edser,Intersex,71
544,347,14706,2021-03-05,2021-03-14,Lyn Bouts,Female,20
548,135,19053,2021-07-17,2021-07-26,Mycah Rodie,Intersex,25
723,135,54098,2021-10-03,2021-10-16,Mycah Rodie,Intersex,25
550,26,52719,2021-08-04,2021-08-09,Timothy Compston,Intersex,50
551,330,51823,2021-09-16,2021-09-18,Barclay Kinsella,Male,47
552,264,14653,2021-01-10,2021-01-17,Vite Durrant,Male,40
559,611,22094,2021-03-03,2021-03-15,Conny Chowne,Female,67
563,611,56965,2021-07-04,2021-07-16,Conny Chowne,Female,67
560,11,41952,2021-05-28,2021-06-05,Michaeline McIndrew,Intersex,39
561,764,42366,2021-02-15,2021-03-13,Brod Phifer,Intersex,32
811,764,23731,2021-10-22,2021-10-24,Brod Phifer,Intersex,32
562,632,45999,2021-09-19,2021-10-03,Darby Jeffries,Intersex,55
757,632,45216,2021-06-03,2021-06-15,Darby Jeffries,Intersex,55
564,583,16074,2021-08-23,2021-09-19,Prissie Dumelow,Intersex,52
565,442,34458,2021-02-25,2021-03-15,Hobie Anfusso,Intersex,26
567,104,25661,2021-06-21,2021-06-23,Nanny Franey,Intersex,73
570,81,19171,2021-03-09,2021-03-14,Lanny Wardale,Female,30
863,81,33163,2021-05-10,2021-05-18,Lanny Wardale,Female,30
571,472,23645,2021-02-02,2021-02-10,Hal Saker,Male,57
786,472,51344,2021-05-02,2021-05-08,Hal Saker,Male,57
572,479,34112,2021-01-01,2021-01-06,Dunc Swynley,Intersex,20
657,479,31922,2021-07-22,2021-07-28,Dunc Swynley,Intersex,20
574,434,44975,2021-06-21,2021-07-03,Marci Borrett,Intersex,20
575,54,27420,2021-08-14,2021-08-16,Tore Caras,Intersex,62
945,54,11172,2021-07-04,2021-07-22,Tore Caras,Intersex,62
576,218,12261,2021-04-26,2021-05-05,Worthington Knapton,Intersex,78
579,501,15623,2021-03-28,2021-04-20,Archibaldo Taffurelli,Intersex,73
802,501,52930,2021-10-05,2021-10-23,Archibaldo Taffurelli,Intersex,73
580,171,26947,2021-04-30,2021-05-09,Mariellen Medendorp,Intersex,80
581,708,35176,2021-05-09,2021-05-29,Debee Lording,Intersex,51
583,290,54787,2021-04-07,2021-04-10,Alia Rapinett,Male,67
584,142,37030,2021-06-29,2021-07-01,Valerie D'Errico,Intersex,75
585,844,19207,2021-03-20,2021-03-23,Lorelle Lancastle,Intersex,63
706,844,12902,2021-07-20,2021-07-21,Lorelle Lancastle,Intersex,63
587,402,44323,2021-09-08,2021-09-11,Zak Titterton,Intersex,22
605,402,48620,2021-08-20,2021-09-06,Zak Titterton,Intersex,22
588,612,13740,2021-05-26,2021-06-20,Leann Kittow,Female,35
589,692,11378,2021-06-25,2021-07-20,Perceval Umbers,Intersex,20
606,692,54506,2021-01-31,2021-02-08,Perceval Umbers,Intersex,20
590,898,27817,2021-07-06,2021-07-15,Jillian Sauven,Intersex,41
886,898,51067,2021-09-22,2021-10-18,Jillian Sauven,Intersex,41
592,973,15464,2021-06-29,2021-07-07,Lars Stading,Female,60
595,10,45626,2021-03-09,2021-03-29,Susanetta Wilshin,Intersex,70
599,308,47972,2021-09-23,2021-10-17,Zeb Shipton,Intersex,70
679,308,37006,2021-03-05,2021-03-22,Zeb Shipton,Intersex,70
600,921,19484,2021-09-15,2021-09-16,Cindi McCague,Intersex,73
601,916,24064,2021-06-13,2021-06-28,Gabriella Nutman,Intersex,24
602,987,41932,2021-02-14,2021-03-07,Grady Wipper,Intersex,70
858,987,48827,2021-03-16,2021-03-27,Grady Wipper,Intersex,70
609,25,21514,2021-04-22,2021-05-08,Ernaline Luce,Intersex,75
610,735,27821,2021-08-04,2021-08-31,Valentino Branney,Intersex,46
612,486,31877,2021-05-10,2021-05-12,Alexis Cheake,Intersex,66
613,682,10501,2021-05-23,2021-06-07,Alon Abramsky,Intersex,27
619,225,58688,2021-02-25,2021-03-04,Monty Gowen,Intersex,75
715,225,51678,2021-10-19,2021-11-12,Monty Gowen,Intersex,75
623,808,36530,2021-10-20,2021-10-30,Marvin Van Hault,Intersex,35
624,398,20149,2021-03-19,2021-04-08,Damiano Leyborne,Intersex,50
625,233,54080,2021-07-17,2021-07-28,Beverlie Blance,Intersex,33
628,534,20973,2021-09-08,2021-09-28,Fanchette Polak,Female,54
629,904,36276,2021-08-07,2021-08-20,Sutherlan Stepto,Intersex,48
631,460,30101,2021-04-14,2021-05-08,Frederich Duigenan,Intersex,31
632,952,44405,2021-04-11,2021-04-17,Geri Renton,Female,45
633,183,30197,2021-07-02,2021-07-13,Martin O'Mailey,Female,44
812,183,51668,2021-07-09,2021-07-13,Martin O'Mailey,Female,44
840,183,50682,2021-06-30,2021-07-08,Martin O'Mailey,Female,44
634,327,35370,2021-10-13,2021-10-23,Lynda Seydlitz,Intersex,71
703,327,26168,2021-02-07,2021-02-28,Lynda Seydlitz,Intersex,71
635,50,51943,2021-07-15,2021-08-05,Moore Oolahan,Intersex,63
714,50,15121,2021-02-07,2021-02-19,Moore Oolahan,Intersex,63
636,793,23528,2021-04-02,2021-04-07,Tressa Cunnane,Intersex,70
736,793,26942,2021-04-10,2021-05-03,Tressa Cunnane,Intersex,70
638,548,12781,2021-10-03,2021-10-17,Nicky Giuron,Intersex,57
639,906,51950,2021-03-30,2021-04-22,Vincent Kiledal,Intersex,74
643,778,50321,2021-05-18,2021-05-24,Chastity Daniaud,Intersex,20
754,778,43858,2021-06-30,2021-07-23,Chastity Daniaud,Intersex,20
976,778,11014,2021-10-15,2021-11-04,Chastity Daniaud,Intersex,20
654,417,40412,2021-08-18,2021-08-30,Bay Kraut,Intersex,57
655,333,36298,2021-05-25,2021-06-06,Con Pressdee,Intersex,57
660,787,48757,2021-08-16,2021-08-25,Sharl Izzett,Female,31
825,787,13832,2021-01-27,2021-02-22,Sharl Izzett,Female,31
662,924,38356,2021-09-19,2021-09-29,Cherie Fairhead,Female,58
663,836,14469,2021-04-09,2021-04-10,Nixie Fraczak,Intersex,29
665,176,16606,2021-03-10,2021-03-26,Curtis McCarroll,Male,45
668,22,40483,2021-03-15,2021-03-30,Blayne Sabatier,Intersex,20
669,247,17921,2021-06-18,2021-07-02,Atlante McGrotty,Female,57
987,247,30215,2021-07-13,2021-08-09,Atlante McGrotty,Female,57
672,677,59213,2021-02-12,2021-02-25,Nady Buston,Female,33
983,677,49941,2021-07-12,2021-07-14,Nady Buston,Female,33
674,300,51598,2021-01-29,2021-02-05,Darren Karpenko,Female,24
675,896,43080,2021-06-05,2021-06-13,Thoma Seaking,Intersex,67
1000,896,27836,2021-04-07,2021-04-24,Thoma Seaking,Intersex,67
676,889,52587,2021-09-24,2021-10-11,Kaitlin Jeanes,Intersex,69
681,463,53576,2021-10-10,2021-10-19,Iago Jedrzaszkiewicz,Intersex,58
977,463,19220,2021-04-23,2021-05-06,Iago Jedrzaszkiewicz,Intersex,58
683,276,59748,2021-01-01,2021-01-05,Silas Chaman,Intersex,56
684,956,36919,2021-10-12,2021-10-17,Camile Haveline,Intersex,20
830,956,36830,2021-03-22,2021-03-23,Camile Haveline,Intersex,20
843,956,17717,2021-07-03,2021-07-09,Camile Haveline,Intersex,20
685,851,22299,2021-08-06,2021-08-21,Worthy Pardoe,Intersex,71
689,884,12572,2021-10-03,2021-10-28,Frederique Hopkins,Intersex,43
690,941,32100,2021-10-05,2021-10-26,Egon Figliovanni,Female,59
692,697,13501,2021-06-18,2021-07-05,Antonia Yeardsley,Intersex,51
693,714,28424,2021-04-29,2021-05-16,Marnie Dennington,Female,50
694,634,56801,2021-04-17,2021-05-11,Channa Powley,Intersex,70
696,230,50224,2021-09-01,2021-09-27,Bourke Pembery,Intersex,21
697,830,12310,2021-07-20,2021-07-28,Gertrudis Pergens,Male,46
981,830,37730,2021-10-02,2021-10-12,Gertrudis Pergens,Male,46
698,821,40922,2021-05-19,2021-06-13,Errol Berkley,Intersex,74
882,821,53666,2021-07-05,2021-07-07,Errol Berkley,Intersex,74
699,311,58950,2021-01-29,2021-02-12,Constantino Langworthy,Intersex,25
700,788,55928,2021-07-01,2021-07-26,Gwenette Kahen,Male,71
702,310,31509,2021-06-23,2021-07-14,Sharyl Royl,Intersex,61
842,310,22552,2021-01-10,2021-01-29,Sharyl Royl,Intersex,61
708,687,56307,2021-10-24,2021-11-10,Amalia Eallis,Intersex,22
710,134,27729,2021-02-07,2021-02-08,Raul Pockey,Male,64
712,474,11718,2021-08-18,2021-08-29,Clem Margetts,Intersex,21
716,502,32660,2021-07-31,2021-08-26,Neilla Halladey,Male,34
931,502,12528,2021-06-04,2021-06-19,Neilla Halladey,Male,34
718,665,55727,2021-05-13,2021-05-20,Jedidiah Sydall,Intersex,61
719,387,24377,2021-09-19,2021-09-24,Alameda Fincke,Male,43
733,387,42467,2021-05-26,2021-06-22,Alameda Fincke,Male,43
720,465,33029,2021-03-12,2021-03-23,Mallory Castellani,Female,38
781,465,44121,2021-08-21,2021-09-11,Mallory Castellani,Female,38
898,465,51868,2021-06-30,2021-07-04,Mallory Castellani,Female,38
909,465,34050,2021-07-18,2021-08-09,Mallory Castellani,Female,38
721,755,59414,2021-08-28,2021-09-04,Herbert Rock,Female,79
724,394,14883,2021-03-04,2021-03-28,Eba Bauser,Intersex,26
726,447,28356,2021-09-15,2021-10-05,Shena Solomonides,Intersex,68
730,88,16533,2021-06-20,2021-07-10,Kendall Jakubski,Male,78
866,88,48270,2021-04-11,2021-04-21,Kendall Jakubski,Male,78
731,214,44433,2021-06-21,2021-07-02,Whitaker Pashen,Female,55
732,40,40317,2021-05-09,2021-05-29,Regan Gronaller,Intersex,59
753,40,39610,2021-02-20,2021-02-28,Regan Gronaller,Intersex,59
737,453,30264,2021-05-26,2021-05-30,Guthry Ure,Intersex,35
738,144,57487,2021-07-16,2021-08-09,Elaina Agate,Male,60
739,211,32122,2021-09-14,2021-09-23,Rowena Doe,Intersex,52
740,178,58226,2021-02-05,2021-02-10,Gunner Murdie,Intersex,51
742,750,51184,2021-10-21,2021-11-01,Mirabelle Vaney,Intersex,42
917,750,15620,2021-01-02,2021-01-12,Mirabelle Vaney,Intersex,42
746,445,24804,2021-06-19,2021-06-27,Margret Yeabsley,Intersex,44
785,445,52702,2021-03-22,2021-04-02,Margret Yeabsley,Intersex,44
748,27,49811,2021-05-16,2021-06-06,Jayme Turvie,Intersex,55
751,254,47650,2021-06-20,2021-07-06,Scot Billany,Male,44
850,254,16739,2021-04-08,2021-04-27,Scot Billany,Male,44
758,781,24144,2021-03-27,2021-04-21,Denny Parlour,Intersex,36
759,857,18160,2021-06-06,2021-07-03,Dianemarie Neicho,Intersex,27
761,198,52629,2021-10-03,2021-10-25,Yevette Weekes,Intersex,66
762,83,25268,2021-08-13,2021-08-20,Kayne Fraczkiewicz,Intersex,40
763,974,30436,2021-03-18,2021-04-05,Tally Rubel,Intersex,66
764,955,46239,2021-09-16,2021-10-04,Dolph Arrow,Intersex,57
765,660,27554,2021-01-15,2021-02-01,Slade Villaret,Intersex,47
766,929,13750,2021-08-06,2021-08-15,Reba Crauford,Intersex,68
767,169,51648,2021-04-28,2021-04-30,Wald Kaine,Female,72
769,422,32501,2021-09-10,2021-10-04,Farah Schukert,Intersex,34
800,422,20089,2021-06-21,2021-06-23,Farah Schukert,Intersex,34
908,422,55562,2021-03-15,2021-04-08,Farah Schukert,Intersex,34
770,868,22564,2021-02-06,2021-02-28,Berry Rosiello,Intersex,28
771,970,33204,2021-06-06,2021-06-18,Delcine Pickthorn,Intersex,44
774,416,31076,2021-06-23,2021-07-13,Leonore Yakunikov,Intersex,21
805,416,13968,2021-10-02,2021-10-03,Leonore Yakunikov,Intersex,21
776,265,44395,2021-09-02,2021-09-27,Ianthe Magowan,Male,52
778,42,19228,2021-01-24,2021-02-07,Horatius Genever,Intersex,37
779,698,39836,2021-07-07,2021-07-21,Cary Boaler,Intersex,27
784,436,45143,2021-03-14,2021-04-04,Meredith Canniffe,Intersex,41
787,44,59055,2021-07-18,2021-07-31,Avivah Chipchase,Intersex,60
788,108,18355,2021-10-08,2021-10-13,Merrill Care,Intersex,57
888,108,38001,2021-04-20,2021-05-03,Merrill Care,Intersex,57
963,108,18632,2021-06-18,2021-07-14,Merrill Care,Intersex,57
789,762,35084,2021-10-11,2021-11-03,Eloise Ondrusek,Intersex,43
790,187,46050,2021-05-16,2021-05-27,Trenton Lydiard,Intersex,70
791,476,51003,2021-05-05,2021-05-21,Orton Heigl,Intersex,64
794,418,55757,2021-04-18,2021-05-08,Luelle Fernanando,Intersex,57
921,418,53911,2021-02-17,2021-02-18,Luelle Fernanando,Intersex,57
796,592,18804,2021-07-31,2021-08-06,Salomo Shuttell,Intersex,64
798,825,54551,2021-03-17,2021-04-01,Judith Plimmer,Male,46
799,651,41626,2021-03-11,2021-04-04,Beckie Nasey,Intersex,61
801,995,58829,2021-08-02,2021-08-17,Leandra Derks,Intersex,63
803,625,25565,2021-04-03,2021-04-16,Zorina Rabl,Intersex,31
804,323,18090,2021-04-10,2021-04-21,Ellerey Kaesmakers,Intersex,40
806,684,41441,2021-08-01,2021-08-16,Camala Llywarch,Intersex,78
808,219,50929,2021-10-13,2021-10-30,Jerald MacMeeking,Male,44
809,73,26098,2021-02-11,2021-02-25,Jehanna Water,Intersex,48
810,768,37440,2021-03-22,2021-04-04,Aida Warsap,Intersex,52
815,572,50066,2021-05-02,2021-05-17,Raquela Swinnard,Intersex,27
817,944,35818,2021-06-27,2021-07-05,Peri Pilsworth,Intersex,36
820,801,33182,2021-09-25,2021-10-03,Morgana Weymouth,Female,64
928,801,42930,2021-10-14,2021-10-19,Morgana Weymouth,Female,64
821,118,27802,2021-01-03,2021-01-10,Meghan Simic,Male,57
822,524,17615,2021-09-05,2021-09-12,Beverlie Bansal,Intersex,80
824,724,51124,2021-01-04,2021-01-28,Etheline Bahde,Female,66
829,951,22744,2021-04-06,2021-04-28,Cy Sabbins,Male,66
831,338,17700,2021-08-04,2021-08-20,Eve Stutard,Female,75
834,139,27691,2021-02-23,2021-03-08,Vida Matchitt,Male,73
838,946,56562,2021-01-02,2021-01-15,Raul Crilly,Intersex,24
839,306,42095,2021-09-16,2021-09-27,Silas Stephens,Intersex,68
967,306,32010,2021-10-11,2021-11-07,Silas Stephens,Intersex,68
844,35,34733,2021-09-26,2021-10-18,Adamo Saddington,Male,80
948,35,18783,2021-08-24,2021-09-02,Adamo Saddington,Male,80
848,813,18195,2021-09-24,2021-10-14,Saul Franklyn,Male,62
940,813,11980,2021-09-11,2021-10-04,Saul Franklyn,Male,62
979,813,31437,2021-04-07,2021-04-21,Saul Franklyn,Male,62
851,365,15504,2021-04-23,2021-05-02,Tammie Gavrielli,Intersex,25
853,653,28448,2021-09-27,2021-10-18,Pieter Bruton,Intersex,21
856,289,35823,2021-01-13,2021-01-22,Rafferty Fronek,Intersex,43
857,577,43897,2021-09-01,2021-09-10,Hillier Seward,Intersex,32
914,577,36771,2021-05-09,2021-05-12,Hillier Seward,Intersex,32
958,577,42170,2021-06-21,2021-07-01,Hillier Seward,Intersex,32
862,984,43784,2021-10-11,2021-10-20,Devin Lindmark,Female,57
867,342,42248,2021-03-23,2021-04-07,Tymothy Linsay,Intersex,45
871,550,10888,2021-09-24,2021-10-08,Marna Lammerts,Male,22
872,954,43868,2021-09-26,2021-10-14,Timmie Kelshaw,Intersex,69
874,557,25370,2021-03-25,2021-04-10,Kyle Lowbridge,Intersex,59
879,370,37561,2021-10-11,2021-10-20,Hildegarde Bamlett,Intersex,38
954,370,33703,2021-03-28,2021-04-15,Hildegarde Bamlett,Intersex,38
883,360,43729,2021-02-27,2021-03-05,Iain Fellnee,Male,68
885,16,27561,2021-10-18,2021-11-13,Gabbie Aldwinckle,Male,75
887,669,10969,2021-01-27,2021-02-20,Bobbi Pickerill,Intersex,68
890,649,54889,2021-06-21,2021-07-07,Willey Tolley,Intersex,74
891,350,36118,2021-08-12,2021-08-14,Dani Hawtin,Intersex,23
893,854,49324,2021-03-06,2021-03-14,Lisle Worthing,Female,74
894,1000,35622,2021-10-11,2021-10-13,Mandel Fairbanks,Male,71
897,278,46681,2021-08-26,2021-09-17,Michele Osmant,Intersex,73
899,408,32250,2021-08-04,2021-08-14,Alis MacCulloch,Intersex,66
901,305,46735,2021-05-05,2021-05-06,Meryl Kender,Intersex,25
910,738,14581,2021-01-27,2021-02-06,Lilyan Pirt,Intersex,55
912,780,48097,2021-08-23,2021-09-09,Cinda Alleyne,Intersex,55
913,597,16265,2021-04-03,2021-04-19,Hi Simenel,Intersex,80
920,703,27722,2021-07-26,2021-08-16,Diann Grieger,Intersex,26
922,703,36995,2021-10-10,2021-11-02,Diann Grieger,Intersex,26
924,786,43116,2021-04-04,2021-04-18,Lorine McLugish,Intersex,23
925,272,47553,2021-07-16,2021-08-12,Kendre Etherton,Intersex,22
971,272,40173,2021-08-26,2021-09-12,Kendre Etherton,Intersex,22
927,963,24139,2021-08-02,2021-08-06,Albina Disdel,Intersex,47
929,397,19614,2021-01-31,2021-02-06,Collie Jakel,Female,50
930,150,17581,2021-06-22,2021-06-30,Biddy Devanney,Male,26
932,45,27978,2021-08-22,2021-08-23,Vicki Stockwell,Male,27
936,148,47197,2021-07-16,2021-08-01,Ikey Spohr,Intersex,53
937,72,13216,2021-06-04,2021-06-25,Marinna Heal,Intersex,42
938,128,41631,2021-06-12,2021-06-28,Daisy Camillo,Male,48
939,432,24169,2021-04-02,2021-04-21,Ettie Gonnely,Intersex,34
941,662,56019,2021-09-30,2021-10-05,Nerita Peotz,Female,58
943,76,26707,2021-02-22,2021-03-14,Chandra Carine,Intersex,51
946,455,33414,2021-04-20,2021-05-13,Wash Kyneton,Intersex,60
952,883,57857,2021-08-05,2021-08-25,Noel Siviour,Intersex,43
953,733,28033,2021-04-18,2021-04-26,Otto Matyasik,Intersex,67
960,362,32197,2021-09-19,2021-10-07,Persis Linch,Intersex,39
961,717,54557,2021-03-19,2021-04-15,Mellisent Druhan,Intersex,20
965,69,14014,2021-07-24,2021-07-29,Tiphany Peacop,Intersex,79
968,765,32223,2021-03-14,2021-04-03,Marni Figiovanni,Intersex,59
972,117,10698,2021-07-22,2021-08-08,Alexei Hurburt,Female,75
973,232,49214,2021-09-04,2021-09-24,Kaitlyn Pinare,Male,24
974,221,17928,2021-01-22,2021-02-18,Araldo Washtell,Intersex,43
975,316,28211,2021-01-18,2021-01-30,Sadella Goodsall,Intersex,67
978,827,24589,2021-04-24,2021-05-18,Eryn Harcus,Intersex,37
984,359,10390,2021-09-23,2021-09-30,Augustin Brandenberg,Intersex,28
986,116,13431,2021-08-02,2021-08-15,Erik Osgar,Intersex,35
988,496,27204,2021-02-04,2021-02-16,John Panchen,Intersex,32
990,87,40306,2021-08-17,2021-09-06,Barbara-anne Salerg,Intersex,53
992,770,53679,2021-07-23,2021-08-14,Thorsten Sowrey,Intersex,50
993,268,33479,2021-03-29,2021-04-11,Muire Ashtonhurst,Male,47
994,920,59074,2021-07-15,2021-07-17,Curcio Kiffin,Intersex,72
996,345,37843,2021-01-13,2021-02-02,Merrielle Piken,Intersex,62
997,346,53831,2021-01-18,2021-01-31,Kerianne Parris,Intersex,40
998,407,53308,2021-05-05,2021-05-21,Murdock Bulfit,Male,41
